Distance,Time,Velocity,OffsetX,OffsetY
2.0026742143369174,21.46367073059082,0.0933052989618701,-0.0037331895146615057,-0.005402302772373191
