Distance,Time,Velocity,OffsetX,OffsetY
2.0026671354179837,21.8813955783844,0.09152373888785797,0.012701456892740381,-0.004310584990464328
