Distance,Time,Velocity,OffsetX,OffsetY
2.0026635401613646,21.64589834213257,0.0925193082083033,-0.012219038945104455,-0.0022584892606014595
