Distance,Time,Velocity,OffsetX,OffsetY
2.0026675693013374,20.595208168029785,0.09723949148569933,-0.0014423251323458786,-0.001095354786013636
