Distance,Time,Velocity,OffsetX,OffsetY
2.0026688735564826,22.734055519104004,0.08809114026635455,0.005507906155786557,-0.002229195636192949
