Distance,Time,Velocity,OffsetX,OffsetY
2.0026712054697895,20.854933500289917,0.09602865458391173,0.024173137013643764,-0.001928411886311876
