Distance,Time,Velocity,OffsetX,OffsetY
2.002674161612722,21.68246078491211,0.09236378571044375,-0.0019401838667265636,-0.0034698075430041886
