Distance,Time,Velocity,OffsetX,OffsetY
2.002668567509076,23.461766004562378,0.08535881600386079,0.007155265363254948,-0.0040900315612975024
