Distance,Time,Velocity,OffsetX,OffsetY
2.0026653230503313,23.397727489471436,0.08559230053224166,0.010647351507327318,-0.004045414189746355
