Distance,Time,Velocity,OffsetX,OffsetY
2.0026646246652584,23.59842848777771,0.08486432160948747,-0.0017921630733184202,-0.003352097483381722
