Distance,Time,Velocity,OffsetX,OffsetY
2.0026743908037257,22.187201738357544,0.09026259437401131,0.004607187880952157,-0.0022955910461791573
