Distance,Time,Velocity,OffsetX,OffsetY
2.002666958826371,22.813029766082764,0.08778610203734678,-0.00661168298764836,-0.004683445535423991
