Distance,Time,Velocity,OffsetX,OffsetY
2.0015782116020238,23.27161931991577,0.08600940845956001,0.006432515994518884,-0.001457715321425801
