Distance,Time,Velocity,OffsetX,OffsetY
2.002674222742507,21.621221780776978,0.09262539568985168,0.006040457600163585,-0.004046986929116314
