Distance,Time,Velocity,OffsetX,OffsetY
2.0026743184591917,21.910756587982178,0.09140142242087787,-0.0015995726692947798,-0.003521075257261974
