Distance,Time,Velocity,OffsetX,OffsetY
2.002663539168951,21.52412986755371,0.09304271770761995,0.004590019276271118,-0.0014345645582765076
