Distance,Time,Velocity,OffsetX,OffsetY
2.0026742047361137,22.66195249557495,0.08837165311008231,0.002726975374074403,-0.004815517974801398
