Distance,Time,Velocity,OffsetX,OffsetY
2.0026638696576327,21.381325483322144,0.09366415899798869,-0.0032723846553575076,-0.0009309705907788457
