Distance,Time,Velocity,OffsetX,OffsetY
2.002670442269157,20.567524194717407,0.09737051593130133,0.007571262999987116,-0.0021834422930788744
