Distance,Time,Velocity,OffsetX,OffsetY
2.002674171821284,21.706403255462646,0.09226190761554612,-0.0015280568807769512,-0.0021841147160069907
