Distance,Time,Velocity,OffsetX,OffsetY
2.002668666841695,20.78872323036194,0.09633437535580813,-0.012452286063580953,-0.006215937083013046
