Distance,Time,Velocity,OffsetX,OffsetY
2.0026638721373065,23.427281856536865,0.08548426080332949,0.0030440736056616124,-0.0027350651404867143
