type,time,direction
rotation,0.12304212152957916,Right
rotation,2.6767969131469727,Right
forward,14.588434219360352,NULL
