type,time,direction
rotation,2.8364057540893555,Right
rotation,4.299164295196533,Right
forward,4.454889297485352,NULL
rotation,1.460150957107544,Left
forward,2.729112148284912,NULL
